<?xml version="1.0" encoding="UTF-8"?>
<beans xmlns="http://www.springframework.org/schema/beans"
	xmlns:xsi="http://www.w3.org/2001/XMLSchema-instance"
	xmlns:context="http://www.springframework.org/schema/context"
	xmlns:aop="http://www.springframework.org/schema/aop"
	xsi:schemaLocation="http://www.springframework.org/schema/beans http://www.springframework.org/schema/beans/spring-beans.xsd
		http://www.springframework.org/schema/context http://www.springframework.org/schema/context/spring-context-3.1.xsd
		http://www.springframework.org/schema/aop http://www.springframework.org/schema/aop/spring-aop-3.1.xsd">
	<!-- DI 적용 : 의존성 주입--> 
	<context:component-scan base-package="com.company.business"></context:component-scan>
	
	<!-- AOP 적용 : 부가 기능과 핵심 기능을 분리 시킨다. -->
	<aop:config>
		<aop:pointcut  id="allPointcut" expression="execution(* com.company.business..*Impl.*(..))" />
		<aop:pointcut  id="getPointcut" expression="execution(* com.company.business..*Impl.get*(..))" />
		<aop:aspect ref="around">
			<aop:around pointcut-ref="allPointcut" method="aroundLog"/> 
		</aop:aspect>
	</aop:config>
</beans>
